p_node,c_node
start,mode_d
mode_d,mode_d4
mode_d4,mode_cmt
mode_cmt,mode_cmt2
mode_d4,mode_sqli
mode_sqli,mode_error
mode_sqli,mode_bool
mode_bool,mode_and
mode_and,mode_unf
mode_unf,mode_bf3
mode_bf3,mode_fa
mode_fa,mode_fa5
mode_fa,mode_fa4
mode_fa,mode_fa3
mode_fa,mode_fa2
mode_fa,mode_fa1
mode_unf,mode_bf2
mode_bf2,mode_ta
mode_ta,mode_ta5
mode_ta,mode_ta4
mode_ta,mode_ta3
mode_ta,mode_ta2
mode_ta,mode_ta1
mode_unf,mode_fa
mode_bool,mode_or
mode_or,mode_bt
mode_bt,mode_bt2
mode_bt2,mode_bt2_12
mode_bt2_12,mode_unf
mode_bt2_12,mode_unt
mode_unt,mode_unt6
mode_unt6,mode_ta
mode_unt,mode_unt5
mode_unt5,mode_ta
mode_unt,mode_unt4
mode_unt4,mode_fa
mode_unt,mode_unt3
mode_unt3,mode_fa
mode_unt,mode_unt2
mode_unt2,mode_fa
mode_unt,mode_unt1
mode_unt1,mode_ta
mode_bt2,mode_bt2_11
mode_bt2_11,mode_unf
mode_bt2,mode_bt2_10
mode_bt2_10,mode_unt
mode_bt2,mode_bt2_9
mode_bt2_9,mode_ta
mode_bt2,mode_bt2_8
mode_bt2_8,mode_unf
mode_bt2_8,mode_unt
mode_bt2,mode_bt2_7
mode_bt2_7,mode_unt
mode_bt2_7,mode_unf
mode_bt2,mode_bt2_6
mode_bt2,mode_bt2_5
mode_bt2,mode_bt2_4
mode_bt2,mode_bt2_3
mode_bt2,mode_bt2_2
mode_bt2_2,mode_unf
mode_bt2,mode_bt2_1
mode_bt2_1,mode_unt
mode_bt,mode_unt
mode_sqli,mode_piggy
mode_sqli,mode_union
mode_union,mode_u4
mode_u4,mode_up
mode_up,mode_up2
mode_up,mode_up1
mode_union,mode_u3
mode_union,mode_u2
mode_u2,mode_up
mode_union,mode_u1
mode_d,mode_d3
mode_d3,mode_cmt
mode_d3,mode_sqli
mode_d,mode_d2
mode_d2,mode_bool
mode_d,mode_d1
mode_d1,mode_bool
start,mode_s
mode_s,mode_s7
mode_s7,mode_cmt
mode_s7,mode_sqli
mode_s,mode_s6
mode_s6,mode_bool
mode_s,mode_s5
mode_s5,mode_bool
mode_s,mode_s4
mode_s4,mode_cmt
mode_s4,mode_sqli
mode_s,mode_s3
mode_s3,mode_cmt
mode_s3,mode_sqli
mode_s,mode_s2
mode_s2,mode_bool
mode_s,mode_s1
mode_s1,mode_bool
start,mode_n
mode_n,mode_n5
mode_n5,mode_bool
mode_n,mode_n4
mode_n4,mode_cmt
mode_n4,mode_sqli
mode_n,mode_n3
mode_n3,mode_cmt
mode_n3,mode_sqli
mode_n,mode_n2
mode_n2,mode_bool
mode_n,mode_n1
mode_n1,mode_bool
